country,iso_code,year,population,gdp,co2
Afghanistan,AFG,2022,40578847,53303471617,10.170
Africa,,2022,1445862695,,1459.114
Africa (GCP),,2022,,,1459.103
Albania,ALB,2022,2827614,36171005594,4.498
Algeria,DZA,2022,45477391,595820067103,192.779
Andorra,AND,2022,79722,,0.423
Angola,AGO,2022,35635028,158346237030,21.089
Anguilla,AIA,2022,14202,,0.143
Antarctica,ATA,2022,,,0.000
Antigua and Barbuda,ATG,2022,92850,,0.642
Argentina,ARG,2022,45407904,854914363923,183.768
Armenia,ARM,2022,2880880,39721734780,7.699
Aruba,ABW,2022,107792,,0.888
Asia,,2022,4746329727,,22237.812
Asia (GCP),,2022,,,19455.877
Asia (excl. China and India),,2022,,,7694.873
Australia,AUS,2022,26200987,1344251444393,384.078
Austria,AUT,2022,9064678,398815419150,61.454
Azerbaijan,AZE,2022,10295307,175370552026,41.175
Bahamas,BHS,2022,397542,,2.962
Bahrain,BHR,2022,1533460,58769760175,37.827
Bangladesh,BGD,2022,169384891,858143907016,102.147
Barbados,BRB,2022,282324,3408005977,1.315
Belarus,BLR,2022,9173240,175773799265,57.121
Belgium,BEL,2022,11641814,489678394377,88.915
Belize,BLZ,2022,402741,,0.724
Benin,BEN,2022,13759507,33290362034,6.092
Bermuda,BMU,2022,64772,,0.531
Bhutan,BTN,2022,780921,,1.550
Bolivia,BOL,2022,12077156,78165311428,23.488
Bonaire Sint Eustatius and Saba,BES,2022,28654,,0.147
Bosnia and Herzegovina,BIH,2022,3204802,47069138435,20.743
Botswana,BWA,2022,2439895,39293967463,7.396
Brazil,BRA,2022,210306411,3187412907763,480.058
British Virgin Islands,VGB,2022,38346,,0.186
Brunei,BRN,2022,455374,,12.237
Bulgaria,BGR,2022,6825862,138390156500,46.932
Burkina Faso,BFA,2022,22509038,37320442404,6.542
Burundi,BDI,2022,13321102,9177077459,0.878
Cambodia,KHM,2022,17201721,65136593996,20.865
Cameroon,CMR,2022,27632770,82727797383,9.792
Canada,CAN,2022,38821259,1761295624423,547.658
Cape Verde,CPV,2022,519750,4251154554,0.598
Central African Republic,CAF,2022,5098038,3752056621,0.377
Central America (GCP),,2022,,,178.535
Chad,TCD,2022,18455319,24118013870,2.800
Chile,CHL,2022,19553033,448338105532,85.744
China,CHN,2022,1425179562,26966016991166,11711.808
Christmas Island,CXR,2022,,,0.000
Colombia,COL,2022,51737944,742716953392,89.437
Comoros,COM,2022,834191,1682076951,0.532
Congo,COG,2022,6035104,23679011891,8.728
Cook Islands,COK,2022,14747,,0.077
Costa Rica,CRI,2022,5081764,80345898158,8.010
Cote d'Ivoire,CIV,2022,30395004,121471995793,14.504
Croatia,HRV,2022,3907031,102284645672,17.585
Cuba,CUB,2022,11059822,84154971449,23.259
Curacao,CUW,2022,185350,,2.209
Cyprus,CYP,2022,1331376,34255009922,7.071
Czechia,CZE,2022,10673216,342966849621,95.040
Democratic Republic of Congo,COD,2022,102396974,91314988450,5.892
Denmark,DNK,2022,5902901,299429011832,29.094
Djibouti,DJI,2022,1137101,3395681646,0.550
Dominica,DMA,2022,66847,675098029,0.165
Dominican Republic,DOM,2022,11230734,191182362267,31.225
East Timor,TLS,2022,1369299,,0.670
Ecuador,ECU,2022,17823900,175028884708,42.066
Egypt,EGY,2022,112618252,1460427350416,249.899
El Salvador,SLV,2022,6280316,59270934820,7.913
Equatorial Guinea,GNQ,2022,1803549,20191378731,7.497
Eritrea,ERI,2022,3409450,,0.718
Estonia,EST,2022,1350093,39999856613,11.966
Eswatini,SWZ,2022,1218921,9594910875,1.028
Ethiopia,ETH,2022,125384285,269977225159,16.960
Europe,,2022,748314268,,5095.635
Europe (GCP),,2022,,,5095.634
Europe (excl. EU-27),,2022,,,2358.689
Europe (excl. EU-28),,2022,,,2047.571
European Union (27),,2022,449113463,,2736.946
European Union (28),,2022,,,3048.064
Faroe Islands,FRO,2022,54039,,0.723
Fiji,FJI,2022,919428,,1.389
Finland,FIN,2022,5569300,226154847456,36.337
France,FRA,2022,66277412,2671568767031,295.304
French Polynesia,PYF,2022,280388,,0.887
Gabon,GAB,2022,2430750,36035291983,5.783
Gambia,GMB,2022,2636472,4656793663,0.808
Georgia,GEO,2022,3794782,70528605169,12.000
Germany,DEU,2022,84086227,3909612753939,667.843
Ghana,GHA,2022,33149152,145431875240,20.745
Greece,GRC,2022,10412481,263892672733,57.609
Greenland,GRL,2022,56014,,0.587
Grenada,GRD,2022,116928,,0.342
Guatemala,GTM,2022,17847877,146224632616,18.913
Guinea,GIN,2022,14055136,23678257190,4.052
Guinea-Bissau,GNB,2022,2105535,3259313986,0.344
Guyana,GUY,2022,821638,,4.397
Haiti,HTI,2022,11503603,17550916862,2.870
High-income countries,,2022,1410112397,,14274.797
Honduras,HND,2022,10463880,49738252980,11.742
Hong Kong,HKG,2022,7465913,356690492875,30.764
Hungary,HUN,2022,9684308,285385229433,45.267
Iceland,ISL,2022,380368,16019540441,3.598
India,IND,2022,1425423209,10476248645535,2831.132
Indonesia,IDN,2022,278830527,3500093638879,758.021
International aviation,,2022,,,407.078
International shipping,,2022,,,558.591
Iran,IRN,2022,89524247,1572209055082,767.178
Iraq,IRQ,2022,44070556,527639326800,217.644
Ireland,IRL,2022,5110015,308390920561,36.676
Israel,ISR,2022,9103143,336722563455,62.267
Italy,ITA,2022,59619106,2136009300257,340.115
Jamaica,JAM,2022,2839150,20019224153,7.908
Japan,JPN,2022,124997585,4774494846664,1029.645
Jordan,JOR,2022,11256269,99281825499,22.428
Kazakhstan,KAZ,2022,20034612,503634062609,274.346
Kenya,KEN,2022,54252458,190362153076,20.544
Kiribati,KIR,2022,130483,,0.070
Kosovo,,2022,1717950,,8.569
Kuwait,KWT,2022,4589514,218961227193,115.849
Kuwaiti Oil Fires,,2022,,,
Kuwaiti Oil Fires (GCP),,2022,,,0.000
Kyrgyzstan,KGZ,2022,6955792,31703003147,11.513
Laos,LAO,2022,7559008,54953902901,22.549
Latvia,LVA,2022,1881059,51248480035,6.608
Least developed countries (Jones et al.),,2022,,,
Lebanon,LBN,2022,5744492,48741710654,15.361
Lesotho,LSO,2022,2286112,4761723180,2.551
Liberia,LBR,2022,5373297,4231561135,0.864
Libya,LBY,2022,7223804,91444480945,58.974
Liechtenstein,LIE,2022,39338,,0.128
Lithuania,LTU,2022,2816923,84814257826,12.895
Low-income countries,,2022,715844683,,202.700
Lower-middle-income countries,,2022,3044254723,,4626.043
Luxembourg,LUX,2022,653315,36128358732,7.274
Macao,MAC,2022,704360,,1.049
Madagascar,MDG,2022,30437261,38602188321,4.210
Malawi,MWI,2022,20568731,26465351444,1.801
Malaysia,MYS,2022,34695494,877584198429,281.884
Maldives,MDV,2022,524116,,2.216
Mali,MLI,2022,23072641,30551085997,7.020
Malta,MLT,2022,528194,18295132993,1.774
Marshall Islands,MHL,2022,40094,,0.148
Mauritania,MRT,2022,4875644,15674544913,5.267
Mauritius,MUS,2022,1276134,26988574640,4.317
Mexico,MEX,2022,128613116,2033437602787,453.799
Micronesia (country),FSM,2022,112122,,0.145
Middle East (GCP),,2022,,,2790.371
Moldova,MDA,2022,3039986,23827554273,5.173
Monaco,MCO,2022,38950,,
Mongolia,MNG,2022,3386015,44809463232,40.443
Montenegro,MNE,2022,614649,12774399882,2.495
Montserrat,MSR,2022,4476,,0.026
Morocco,MAR,2022,37329068,311654947615,69.779
Mozambique,MOZ,2022,32656242,31441725629,9.296
Myanmar,MMR,2022,53756791,291025085135,31.639
Namibia,NAM,2022,2889668,21858730428,3.414
Nauru,NRU,2022,11822,,0.059
Nepal,NPL,2022,29715435,95965910597,17.609
Netherlands,NLD,2022,17904421,879609110665,127.503
New Caledonia,NCL,2022,287130,,5.116
New Zealand,NZL,2022,5131731,200602760076,31.966
Nicaragua,NIC,2022,6730662,32764782125,5.131
Niger,NER,2022,25311978,24776754234,3.201
Nigeria,NGA,2022,223150906,1134448580250,131.441
Niue,NIU,2022,1844,,0.007
Non-OECD (GCP),,2022,,,24901.666
North America,,2022,604356255,,6236.024
North America (GCP),,2022,,,6057.500
North America (excl. USA),,2022,,,1180.621
North Korea,PRK,2022,26328843,40488847458,56.289
North Macedonia,MKD,2022,1840236,28770256385,7.352
Norway,NOR,2022,5456796,482328451592,40.833
OECD (GCP),,2022,,,11660.435
OECD (Jones et al.),,2022,,,
Oceania,,2022,45049680,,433.490
Oceania (GCP),,2022,,,425.054
Oman,OMN,2022,4730229,177355008173,77.994
Pakistan,PAK,2022,243700667,1318834969356,211.970
Palau,PLW,2022,17784,,0.217
Palestine,PSE,2022,5305274,24076501614,4.702
Panama,PAN,2022,4400775,94762119668,11.707
Papua New Guinea,PNG,2022,10203177,,8.436
Paraguay,PRY,2022,6760460,65127634644,7.533
Peru,PER,2022,33475436,341677633395,64.785
Philippines,PHL,2022,113964343,1014811024029,150.963
Poland,POL,2022,38385734,1231021338216,314.892
Portugal,PRT,2022,10417074,295712910456,40.722
Qatar,QAT,2022,2892466,381778107010,109.594
Romania,ROU,2022,19166776,504741667296,73.186
Russia,RUS,2022,145579889,3731440829579,1675.461
Rwanda,RWA,2022,13651025,28466253314,1.957
Ryukyu Islands,,2022,,,
Ryukyu Islands (GCP),,2022,,,0.000
Saint Helena,SHN,2022,5369,,0.011
Saint Kitts and Nevis,KNA,2022,46732,,0.251
Saint Lucia,LCA,2022,178794,1749086152,0.518
Saint Pierre and Miquelon,SPM,2022,5760,,0.053
Saint Vincent and the Grenadines,VCT,2022,102063,,0.247
Samoa,WSM,2022,215270,,0.236
San Marino,SMR,2022,34113,,
Sao Tome and Principe,STP,2022,226313,825238400,0.136
Saudi Arabia,SAU,2022,32175351,1823886192336,666.994
Senegal,SEN,2022,17651099,51913993763,14.133
Serbia,SRB,2022,6791215,116834638171,44.462
Seychelles,SYC,2022,125533,3053368129,0.629
Sierra Leone,SLE,2022,8276809,11681270534,1.444
Singapore,SGP,2022,5649888,461801118473,48.934
Sint Maarten (Dutch part),SXM,2022,42163,,0.692
Slovakia,SVK,2022,5473195,150360426456,31.589
Slovenia,SVN,2022,2115231,69385349463,12.728
Solomon Islands,SLB,2022,781075,,0.283
Somalia,SOM,2022,17801895,,1.271
South Africa,ZAF,2022,62378417,723559323969,428.782
South America,,2022,430492816,,1100.028
South America (GCP),,2022,,,1100.028
South Korea,KOR,2022,51782515,2137558645699,606.877
South Sudan,SSD,2022,11021175,,1.634
Spain,ESP,2022,47828386,1625139888517,234.223
Sri Lanka,LKA,2022,22834965,254748598293,18.377
Sudan,SDN,2022,49383344,,17.529
Suriname,SUR,2022,623172,,2.828
Sweden,SWE,2022,10487335,494214521158,36.342
Switzerland,CHE,2022,8792180,559384947989,32.951
Syria,SYR,2022,22462170,52353139385,31.423
Taiwan,TWN,2022,23420107,1247874288934,273.989
Tajikistan,TJK,2022,10182228,50544013546,10.521
Tanzania,TZA,2022,64711822,198220407805,19.702
Thailand,THA,2022,71735321,1124143758569,272.573
Togo,TGO,2022,8068616,14265660408,2.739
Tonga,TON,2022,105053,,0.147
Trinidad and Tobago,TTO,2022,1495923,37513383973,37.493
Tunisia,TUN,2022,12119338,129457959410,30.785
Turkey,TUR,2022,87058469,2385996374127,443.603
Turkmenistan,TKM,2022,7230197,97502944727,102.063
Turks and Caicos Islands,TCA,2022,45869,,0.366
Tuvalu,TUV,2022,10012,,0.011
Uganda,UGA,2022,47312718,101995416951,6.128
Ukraine,UKR,2022,41048768,309166674673,143.040
United Arab Emirates,ARE,2022,10242085,779701520404,207.103
United Kingdom,GBR,2022,68179315,2615230634906,311.118
United States,USA,2022,341534041,19493170182843,5055.403
Upper-middle-income countries,,2022,2847730001,,17458.070
Uruguay,URY,2022,3390913,69066228178,7.501
Uzbekistan,UZB,2022,34938953,393572464308,119.105
Vanuatu,VUT,2022,313061,,0.189
Vatican,VAT,2022,513,,
Venezuela,VEN,2022,28213015,149682062815,108.424
Vietnam,VNM,2022,99680656,833803909046,322.653
Wallis and Futuna,WLF,2022,11501,,0.029
World,,2022,8021407196,130112562171125,37527.773
Yemen,YEM,2022,38222878,60852995288,10.404
Zambia,ZMB,2022,20152935,68469600029,10.939
Zimbabwe,ZWE,2022,16069061,25901585881,12.232
